﻿<?xml version="1.0" encoding="utf-8"?>
<Patient>
  <Item>
    <Forename>Fouzia Banu</Forename>
    <Surname>FB</Surname>
    <DateOfBirth>11/09/2000</DateOfBirth>
    <Gender>F</Gender>
    <TelephoneNumber>
      <HomeNumber></HomeNumber>
      <WorkNumber></WorkNumber>
      <MobileNumber></MobileNumber>
    </TelephoneNumber>
  </Item>
  <Item>
    <Forename>Fouzia</Forename>
    <Surname>FB</Surname>
    <DateOfBirth>11/09/1990</DateOfBirth>
    <Gender>F</Gender>
    <TelephoneNumber>
      <HomeNumber></HomeNumber>
      <WorkNumber></WorkNumber>
      <MobileNumber></MobileNumber>
    </TelephoneNumber>
  </Item>
  <Item>
    <Forename>Managla Shankar</Forename>
    <Surname>MS</Surname>
    <DateOfBirth>11/09/1900</DateOfBirth>
    <Gender>F</Gender>
    <TelephoneNumber>
      <HomeNumber></HomeNumber>
      <WorkNumber></WorkNumber>
      <MobileNumber></MobileNumber>
    </TelephoneNumber>
  </Item>
  <Item>
    <Forename>James Bond</Forename>
    <Surname>JB</Surname>
    <Gender>M</Gender>
    <DateOfBirth>5/9/2018</DateOfBirth>
  </Item>
  <Item>
    <Forename>Albert Radison</Forename>
    <Surname>AR</Surname>
    <Gender>M</Gender>
    <DateOfBirth>5/9/2018</DateOfBirth>
  </Item>
  <Item>
    <Forename>Albert E</Forename>
    <Surname>AE</Surname>
    <Gender>M</Gender>
    <DateOfBirth>20/9/2018</DateOfBirth>
  </Item>
  <Item>
    <Forename>Reshma Banu</Forename>
    <Surname>RB</Surname>
    <Gender>F</Gender>
    <DateOfBirth>2/2/2010</DateOfBirth>
    <TelephoneNumber>
      <HomeNumber>9876543212</HomeNumber>
      <WorkNumber>98765434768</WorkNumber>
      <MobileNumber></MobileNumber>
    </TelephoneNumber>
  </Item>
  <Item>
    <Forename>Reshma Banu</Forename>
    <Surname>RB</Surname>
    <Gender>F</Gender>
    <DateOfBirth>2/2/2010</DateOfBirth>
    <TelephoneNumber>
      <HomeNumber>9876543212</HomeNumber>
      <WorkNumber>98765434768</WorkNumber>
      <MobileNumber></MobileNumber>
    </TelephoneNumber>
  </Item>
  <Item>
    <Forename>Thomas Edison</Forename>
    <Surname>TE</Surname>
    <Gender>M</Gender>
    <DateOfBirth>12/9/2018</DateOfBirth>
    <TelephoneNumber>
      <HomeNumber>9865433234</HomeNumber>
      <WorkNumber></WorkNumber>
      <MobileNumber></MobileNumber>
    </TelephoneNumber>
  </Item>
  <Item>
    <Forename>ygt</Forename>
    <Surname>ky</Surname>
    <Gender>t</Gender>
    <DateOfBirth>28/9/2018</DateOfBirth>
    <TelephoneNumber>
      <HomeNumber></HomeNumber>
      <WorkNumber></WorkNumber>
      <MobileNumber></MobileNumber>
    </TelephoneNumber>
  </Item>
</Patient>